[
  {
    "name": "Nigerian High Commission",
    "code": "NIG-GHA",
    "description": "Nigerian diplomatic mission in Accra, Ghana",
    "city": "Accra",
    "country": "Ghana",
    "region": "West Africa",
    "address": "No. 9 Josif Broz Tito Avenue, East Legon",
    "contact_email": "info@nigeriahcaccra.org",
    "contact_phone": "+233 302 774 700",
    "status": "active",
    "staff_count": 17
  },
  {
    "name": "Nigerian Embassy",
    "code": "NIG-CTE",
    "description": "Nigerian diplomatic mission in Abidjan, Côte d'Ivoire",
    "city": "Abidjan",
    "country": "Côte d'Ivoire",
    "region": "West Africa",
    "address": "Cocody, Rue des Jardins",
    "contact_email": "info@nigeriaembassyabidjan.org",
    "contact_phone": "+225 22 44 32 87",
    "status": "active",
    "staff_count": 10
  },
  {
    "name": "Nigerian High Commission",
    "code": "NIG-SOU",
    "description": "Nigerian diplomatic mission in Pretoria, South Africa",
    "city": "Pretoria",
    "country": "South Africa",
    "region": "Southern Africa",
    "address": "307 Brooks Street, Menlo Park",
    "contact_email": "info@nigeriahc.co.za",
    "contact_phone": "+27 12 342 0630",
    "status": "active",
    "staff_count": 13
  },
  {
    "name": "Nigerian Embassy",
    "code": "NIG-ETH",
    "description": "Nigerian diplomatic mission in Addis Ababa, Ethiopia",
    "city": "Addis Ababa",
    "country": "Ethiopia",
    "region": "East Africa",
    "address": "Bole Sub City, Woreda 03",
    "contact_email": "info@nigeriaembassyethiopia.org",
    "contact_phone": "+251 11 551 3001",
    "status": "active",
    "staff_count": 25
  },
  {
    "name": "Nigerian High Commission",
    "code": "NIG-KEN",
    "description": "Nigerian diplomatic mission in Nairobi, Kenya",
    "city": "Nairobi",
    "country": "Kenya",
    "region": "East Africa",
    "address": "Lenana Road, Hurlingham",
    "contact_email": "info@nigeriahckenya.org",
    "contact_phone": "+254 20 272 3014",
    "status": "active",
    "staff_count": 10
  },
  {
    "name": "Nigerian Embassy",
    "code": "NIG-EGY",
    "description": "Nigerian diplomatic mission in Cairo, Egypt",
    "city": "Cairo",
    "country": "Egypt",
    "region": "North Africa",
    "address": "13 Geziret El Arab Street, Mohandessin",
    "contact_email": "info@nigeriaembassyegypt.org",
    "contact_phone": "+20 2 3761 0823",
    "status": "active",
    "staff_count": 12
  },
  {
    "name": "Nigerian Embassy",
    "code": "NIG-ALG",
    "description": "Nigerian diplomatic mission in Algiers, Algeria",
    "city": "Algiers",
    "country": "Algeria",
    "region": "North Africa",
    "address": "27 Rue Arezki Abri, Hydra",
    "contact_email": "info@nigeriaembassyalgeria.org",
    "contact_phone": "+213 21 69 18 32",
    "status": "active",
    "staff_count": 26
  },
  {
    "name": "Nigerian High Commission",
    "code": "NIG-UNI",
    "description": "Nigerian diplomatic mission in London, United Kingdom",
    "city": "London",
    "country": "United Kingdom",
    "region": "Europe",
    "address": "9 Northumberland Avenue",
    "contact_email": "info@nigeriahc.org.uk",
    "contact_phone": "+44 20 7839 1244",
    "status": "active",
    "staff_count": 20
  },
  {
    "name": "Nigerian Embassy",
    "code": "NIG-FRA",
    "description": "Nigerian diplomatic mission in Paris, France",
    "city": "Paris",
    "country": "France",
    "region": "Europe",
    "address": "173 Avenue Victor Hugo",
    "contact_email": "info@ambassade-nigeria.fr",
    "contact_phone": "+33 1 47 04 68 65",
    "status": "active",
    "staff_count": 25
  },
  {
    "name": "Nigerian Embassy",
    "code": "NIG-GER",
    "description": "Nigerian diplomatic mission in Berlin, Germany",
    "city": "Berlin",
    "country": "Germany",
    "region": "Europe",
    "address": "Neue Jakobstrasse 4",
    "contact_email": "info@nigerianembassy.de",
    "contact_phone": "+49 30 212 359 0",
    "status": "active",
    "staff_count": 15
  },
  {
    "name": "Nigerian Embassy",
    "code": "NIG-ITA",
    "description": "Nigerian diplomatic mission in Rome, Italy",
    "city": "Rome",
    "country": "Italy",
    "region": "Europe",
    "address": "Via Orazio 14/18",
    "contact_email": "info@nigerianembassy.it",
    "contact_phone": "+39 06 808 2161",
    "status": "active",
    "staff_count": 29
  },
  {
    "name": "Nigerian Embassy",
    "code": "NIG-SPA",
    "description": "Nigerian diplomatic mission in Madrid, Spain",
    "city": "Madrid",
    "country": "Spain",
    "region": "Europe",
    "address": "Calle Segre 23",
    "contact_email": "info@embajadanigeria.es",
    "contact_phone": "+34 91 563 4916",
    "status": "active",
    "staff_count": 14
  },
  {
    "name": "Nigerian Embassy",
    "code": "NIG-UNI",
    "description": "Nigerian diplomatic mission in Washington D.C., United States",
    "city": "Washington D.C.",
    "country": "United States",
    "region": "North America",
    "address": "3519 International Court NW",
    "contact_email": "info@nigeriaembassyusa.org",
    "contact_phone": "+1 202 986 8400",
    "status": "active",
    "staff_count": 15
  },
  {
    "name": "Nigerian Consulate General",
    "code": "NIG-UNI",
    "description": "Nigerian diplomatic mission in New York, United States",
    "city": "New York",
    "country": "United States",
    "region": "North America",
    "address": "828 Second Avenue",
    "contact_email": "info@nigeriacgny.org",
    "contact_phone": "+1 212 808 0301",
    "status": "active",
    "staff_count": 24
  },
  {
    "name": "Nigerian High Commission",
    "code": "NIG-CAN",
    "description": "Nigerian diplomatic mission in Ottawa, Canada",
    "city": "Ottawa",
    "country": "Canada",
    "region": "North America",
    "address": "295 Metcalfe Street",
    "contact_email": "info@nigeriahcottawa.ca",
    "contact_phone": "+1 613 236 0521",
    "status": "active",
    "staff_count": 11
  },
  {
    "name": "Nigerian Embassy",
    "code": "NIG-CHI",
    "description": "Nigerian diplomatic mission in Beijing, China",
    "city": "Beijing",
    "country": "China",
    "region": "Asia",
    "address": "2 Dong Wu Jie, San Li Tun",
    "contact_email": "info@nigeriaembassychina.org",
    "contact_phone": "+86 10 6532 3631",
    "status": "active",
    "staff_count": 20
  },
  {
    "name": "Nigerian Embassy",
    "code": "NIG-JAP",
    "description": "Nigerian diplomatic mission in Tokyo, Japan",
    "city": "Tokyo",
    "country": "Japan",
    "region": "Asia",
    "address": "4-5-6 Shimo-Meguro, Meguro-ku",
    "contact_email": "info@nigeriaembassyjapan.org",
    "contact_phone": "+81 3 5721 5391",
    "status": "active",
    "staff_count": 16
  },
  {
    "name": "Nigerian High Commission",
    "code": "NIG-IND",
    "description": "Nigerian diplomatic mission in New Delhi, India",
    "city": "New Delhi",
    "country": "India",
    "region": "Asia",
    "address": "E-4/6 Vasant Vihar",
    "contact_email": "info@nigeriahcindia.org",
    "contact_phone": "+91 11 2614 4627",
    "status": "active",
    "staff_count": 24
  },
  {
    "name": "Nigerian Embassy",
    "code": "NIG-SAU",
    "description": "Nigerian diplomatic mission in Riyadh, Saudi Arabia",
    "city": "Riyadh",
    "country": "Saudi Arabia",
    "region": "Middle East",
    "address": "Diplomatic Quarter",
    "contact_email": "info@nigeriaembassyriyadh.org",
    "contact_phone": "+966 11 488 0361",
    "status": "active",
    "staff_count": 25
  },
  {
    "name": "Nigerian Embassy",
    "code": "NIG-UNI",
    "description": "Nigerian diplomatic mission in Abu Dhabi, United Arab Emirates",
    "city": "Abu Dhabi",
    "country": "United Arab Emirates",
    "region": "Middle East",
    "address": "Plot 41, Sector W-59/02",
    "contact_email": "info@nigeriaembassyuae.org",
    "contact_phone": "+971 2 447 1515",
    "status": "active",
    "staff_count": 14
  },
  {
    "name": "Nigerian Embassy",
    "code": "NIG-BRA",
    "description": "Nigerian diplomatic mission in Brasília, Brazil",
    "city": "Brasília",
    "country": "Brazil",
    "region": "South America",
    "address": "SHIS QI 09, Conjunto 14, Casa 02",
    "contact_email": "info@nigeriaembassybrazil.org",
    "contact_phone": "+55 61 3248 5044",
    "status": "active",
    "staff_count": 29
  },
  {
    "name": "Nigerian High Commission",
    "code": "NIG-AUS",
    "description": "Nigerian diplomatic mission in Canberra, Australia",
    "city": "Canberra",
    "country": "Australia",
    "region": "Oceania",
    "address": "7 Terrigal Crescent, O'Malley",
    "contact_email": "info@nigeriahcaustralia.org",
    "contact_phone": "+61 2 6286 4566",
    "status": "active",
    "staff_count": 29
  },
  {
    "name": "Nigerian Embassy",
    "code": "NIG-RUS",
    "description": "Nigerian diplomatic mission in Moscow, Russia",
    "city": "Moscow",
    "country": "Russia",
    "region": "Europe",
    "address": "13 Malaya Nikitskaya Street",
    "contact_email": "info@nigeriaembassyrussia.org",
    "contact_phone": "+7 495 690 3786",
    "status": "active",
    "staff_count": 26
  },
  {
    "name": "Nigerian High Commission",
    "code": "NIG-TAN",
    "description": "Nigerian diplomatic mission in Dar es Salaam, Tanzania",
    "city": "Dar es Salaam",
    "country": "Tanzania",
    "region": "East Africa",
    "address": "Plot 1234, Lugalo Road, Upanga",
    "contact_email": "info@nigeriahctanzania.org",
    "contact_phone": "+255 22 211 6949",
    "status": "active",
    "staff_count": 21
  },
  {
    "name": "Nigerian High Commission",
    "code": "NIG-UGA",
    "description": "Nigerian diplomatic mission in Kampala, Uganda",
    "city": "Kampala",
    "country": "Uganda",
    "region": "East Africa",
    "address": "33 Nakasero Road",
    "contact_email": "info@nigeriahcuganda.org",
    "contact_phone": "+256 41 423 3691",
    "status": "active",
    "staff_count": 20
  },
  {
    "name": "Nigerian Embassy",
    "code": "NIG-SUD",
    "description": "Nigerian diplomatic mission in Khartoum, Sudan",
    "city": "Khartoum",
    "country": "Sudan",
    "region": "North Africa",
    "address": "Street 3, Block 4E, New Extension",
    "contact_email": "info@nigeriaembassysudan.org",
    "contact_phone": "+249 183 471 817",
    "status": "active",
    "staff_count": 17
  },
  {
    "name": "Nigerian Embassy",
    "code": "NIG-SEN",
    "description": "Nigerian diplomatic mission in Dakar, Senegal",
    "city": "Dakar",
    "country": "Senegal",
    "region": "West Africa",
    "address": "Rue Calmette x Rue Mermoz",
    "contact_email": "info@nigeriaembassysenegal.org",
    "contact_phone": "+221 33 823 7797",
    "status": "active",
    "staff_count": 24
  },
  {
    "name": "Nigerian Embassy",
    "code": "NIG-DEM",
    "description": "Nigerian diplomatic mission in Kinshasa, Democratic Republic of Congo",
    "city": "Kinshasa",
    "country": "Democratic Republic of Congo",
    "region": "Central Africa",
    "address": "Avenue de la Justice, Gombe",
    "contact_email": "info@nigeriaembassydrc.org",
    "contact_phone": "+243 81 555 0123",
    "status": "active",
    "staff_count": 29
  },
  {
    "name": "Nigerian High Commission",
    "code": "NIG-ZAM",
    "description": "Nigerian diplomatic mission in Lusaka, Zambia",
    "city": "Lusaka",
    "country": "Zambia",
    "region": "Southern Africa",
    "address": "5201 United Nations Avenue",
    "contact_email": "info@nigeriahczambia.org",
    "contact_phone": "+260 211 253 555",
    "status": "active",
    "staff_count": 10
  },
  {
    "name": "Nigerian High Commission",
    "code": "NIG-ZIM",
    "description": "Nigerian diplomatic mission in Harare, Zimbabwe",
    "city": "Harare",
    "country": "Zimbabwe",
    "region": "Southern Africa",
    "address": "14 Baines Avenue",
    "contact_email": "info@nigeriahczimbabwe.org",
    "contact_phone": "+263 4 776 391",
    "status": "active",
    "staff_count": 23
  }
]